year,operating_capacity_t,production_t,utilization
2020,1642550,1050000000.0,639.2499467291711
2021,1642030,1030000000.0,627.2723397258271
2022,1628440,1010000000.0,620.225491881801
2023,1610220,1012000000.0,628.4855485585821
2024,1605400,1020000000.0,635.355674598231
2025,1640143,,
2026,1648668,,
2027,1648668,,
2028,1648668,,
2029,1648668,,
2030,1648668,,
